[
  {
    "key": "950",
    "value": "PT Bank Commonwealth"
  },
  {
    "key": "732",
    "value": "Bank BNI"
  },
  {
    "key": "431",
    "value": "Bank Central Asia"
  },
  {
    "key": "234",
    "value": "Bank Danamon"
  },
  {
    "key": "010",
    "value": "Bank HSBC"
  },
  {
    "key": "080",
    "value": "Bank ANDA"
  },
  {
    "key": "987",
    "value": "AJ PAYMENT"
  },
  {
    "key": "770",
    "value": "ALTOPAY"
  },
  {
    "key": "037",
    "value": "ARTHA GRAHA"
  },
  {
    "key": "116",
    "value": "Bank ACEH"
  },
  {
    "key": "945",
    "value": "Bank AGRIS"
  }
]